ccl,IC50,AUC
BXPC3,0.220411406,406.7408821
CAPAN1,0.16048387,394.1783526
HPAC,0.47574401,496.3784927
HUPT3,0.090789034,280.679621
PANC1005,0.19854473,284.9891976
PSN1,0.706059252,484.720762
ASPC1,10,635.7908853
SW1990,10,932.0855301
CFPAC1,0.233124842,342.6134342
PANC1,1.014167444,397.8901483
SU8686,0.114447763,70.58783934
MIAPACA2,10,621.994396
KP2,0.16719003,295.734535
